participantName,eventName,date,verificationCode
John Doe,Global Entrepreneurship Summit 2026,30th January - 1st February 2026,GES2026-001
Jane Smith,Global Entrepreneurship Summit 2026,30th January - 1st February 2026,GES2026-002
Rajesh Kumar,Global Entrepreneurship Summit 2026,30th January - 1st February 2026,GES2026-003
Priya Singh,Global Entrepreneurship Summit 2026,30th January - 1st February 2026,GES2026-004
Aditya Patel,Global Entrepreneurship Summit 2026,30th January - 1st February 2026,GES2026-005
Neha Sharma,Global Entrepreneurship Summit 2026,30th January - 1st February 2026,GES2026-006
Arjun Verma,Global Entrepreneurship Summit 2026,30th January - 1st February 2026,GES2026-007
Sneha Gupta,Global Entrepreneurship Summit 2026,30th January - 1st February 2026,GES2026-008
Vikram Kapoor,Global Entrepreneurship Summit 2026,30th January - 1st February 2026,GES2026-009
Divya Nair,Global Entrepreneurship Summit 2026,30th January - 1st February 2026,GES2026-010
